,win_rate,standard_error,mode,avg_length,n_wins,n_wins_base,n_draws,n_total,discrete_win_rate,length_controlled_winrate,lc_standard_error
temp150_topp_80,24.21052631578948,4.418172153936914,verified,5258,23,72,0,95,24.21052631578948,17.64953283385203,0.6483773555432245
temp150_topp_90,2.061855670103093,1.4503387470905615,verified,6139,2,95,0,97,2.061855670103093,0.9344005819278528,0.096180401888497
temp150_topp_95,1.0309278350515465,1.0309278350515465,verified,4665,1,96,0,97,1.0309278350515465,0.6099955362160376,0.0735669797725981
temp150_topp_98,0.0,0.0,verified,3125,0,97,0,97,0.0,0.001037803061673757,0.0001466126326894465
