,win_rate,standard_error,mode,avg_length,n_wins,n_wins_base,n_draws,n_total,discrete_win_rate,length_controlled_winrate,lc_standard_error
temp150_topp_80,24.210526315789476,4.418172153936914,verified,5258,23,72,0,95,24.210526315789476,17.64953283385203,0.6483773555432245
temp150_topp_90,2.0618556701030926,1.4503387470905615,verified,6139,2,95,0,97,2.0618556701030926,0.9344005819278529,0.09618040188849704
